                  epoch,         train/box_loss,         train/cls_loss,         train/dfl_loss,   metrics/precision(B),      metrics/recall(B),       metrics/mAP50(B),    metrics/mAP50-95(B),           val/box_loss,           val/cls_loss,           val/dfl_loss,                 lr/pg0,                 lr/pg1,                 lr/pg2
                      1,                0.97917,                 2.0109,                 1.0609,                0.95826,                0.21616,                0.60609,                0.44017,                 0.9099,                 5.4798,                0.63981,             0.00054211,             0.00054211,             0.00054211
                      2,                0.95147,                 1.2124,                 1.0637,                0.81257,                0.17173,                0.20095,                0.15502,                0.93432,                 3.7817,                0.67398,              0.0010956,              0.0010956,              0.0010956
                      3,                0.97608,                 1.1674,                  1.085,                 0.8212,                0.16129,                0.16717,                0.12582,                0.96411,                 2.4332,                0.72034,              0.0016469,              0.0016469,              0.0016469
                      4,                0.94922,                 1.0166,                  1.077,                0.78592,                 0.0917,                0.09549,                0.07569,                 1.0009,                 2.2497,                 0.7737,              0.0016571,              0.0016571,              0.0016571
                      5,                0.97133,                0.96668,                 1.0784,                0.69304,                0.10019,                0.09975,                 0.0762,                  0.892,                 2.1664,                0.68769,              0.0016571,              0.0016571,              0.0016571
                      6,                0.96384,                0.89852,                 1.0844,                0.73946,                0.09859,                0.09396,                 0.0712,                0.88549,                  1.744,                0.69479,              0.0016538,              0.0016538,              0.0016538
